Workbook

Sheet DATA
A1: YEAR | B1: REVENUE | C1: NET PROFIT | D1: EPS | E1: DEPOSITS | F1: ADVANCES
A2: FY2021 | B2: 99753 | C2: 31857 | D2: 56.58 | E2: 1335060 | F2: 1132837
A3: FY2022 | B3: 115725 | C3: 38151 | D3: 66.8 | E3: 1559217 | F3: 1368821
A4: FY2023 | B4: 135936 | C4: 44109 | D4: 79.3 | E4: 1883395 | F4: 1600586
A5: FY2024 | B5: 157774 | C5: 60812 | D5: 85.83 | E5: 2379786 | F5: 2484862
A6: FY2025 | B6: 168302 | C6: 67347 | D6: 88.29 | E6: 2714715 | F6: 2619609

Sheet CALCULATIONS
A1: Year | B1: Revenue Growth % | C1: Profit Growth % | D1: Deposit Growth % | E1: Advance Growth % | H1: Selected Year | I1: =DASHBOARD!L5 -> FY2025 | K1: Dynamic Revenue | L1: ="Revenue in "&I1&" was ₹"&TEXT(I2,"#,##0")&" Cr" -> Revenue in FY2025 was ₹1,68,302 Cr | M1: Revenue Growth % | N1: Profit Growth % | P1: Dynamic Key Insights | R1: Dynamic Business Conclusions | T1: Excecutive Insights
A2: FY2021 | H2: Revenue | I2: =_xlfn.XLOOKUP(I1,DATA!A2:A6,DATA!B2:B6) -> 168302 | K2: Dynamic Profit | L2: ="Net Profit in "&I1&" was ₹"&TEXT(I3,"#,##0")&" Cr" -> Net Profit in FY2025 was ₹67,347 Cr | M2: =(I2-DATA!B2)/DATA!B2 -> 0.68718735 | N2: =(I3-DATA!C2)/DATA!C2 -> 1.1140409 | P2: ="• Revenue in "&I1&" was ₹"&TEXT(I2,"#,##0")&" Cr." -> • Revenue in FY2025 was ₹1,68,302 Cr. | R2: =IF(I2>150000,"• Revenue performance remained strong.","• Revenue performance showed steady growth.") -> • Revenue performance remained strong. | T2: ="In "&I1&", HDFC Bank reported Revenue of ₹"&TEXT(I2,"#,##0")&" Cr and Net Profit of ₹"&TEXT(I3,"#,##0")&" Cr. Deposits stood at ₹"&TEXT(I5,"#,##0")&" Cr while Advances reached ₹"&TEXT(I6,"#,##0")&" Cr. EPS was ₹"&TEXT(I4,"0.00")&", indicating continued financial strength and business expansion." -> In FY2025, HDFC Bank reported Revenue of ₹1,68,302 Cr and Net Profit of ₹67,347 Cr. Deposits stood at ₹27,14,715 Cr while Advances reached ₹26,19,609 Cr. EPS was ₹88.29, indicating continued financial strength and business expansion.
A3: FY2022 | B3: =(DATA!B3-DATA!B2)/DATA!B2 -> 0.16011549 | C3: =(DATA!C3-DATA!C2)/DATA!C2 -> 0.19757039 | D3: =(DATA!E3-DATA!E2)/DATA!E2 -> 0.16790032 | E3: =(DATA!F3-DATA!F2)/DATA!F2 -> 0.20831241 | H3: Net Profit | I3: =_xlfn.XLOOKUP(I1,DATA!A2:A6,DATA!C2:C6) -> 67347 | K3: Dynamic EPS | L3: ="EPS in "&I1&" was ₹"&TEXT(I4,"0.00") -> EPS in FY2025 was ₹88.29 | P3: ="• Net Profit in "&I1&" was ₹"&TEXT(I3,"#,##0")&" Cr." -> • Net Profit in FY2025 was ₹67,347 Cr. | R3: =IF(I3>60000,"• Profitability remained strong.","• Profitability continued to improve.") -> • Profitability remained strong.
A4: FY2023 | B4: =(DATA!B4-DATA!B3)/DATA!B3 -> 0.17464679 | C4: =(DATA!C4-DATA!C3)/DATA!C3 -> 0.15616891 | D4: =(DATA!E4-DATA!E3)/DATA!E3 -> 0.20791077 | E4: =(DATA!F4-DATA!F3)/DATA!F3 -> 0.16931724 | H4: EPS | I4: =_xlfn.XLOOKUP(I1,DATA!A2:A6,DATA!D2:D6) -> 88.29 | K4: Dynamic Deposits | L4: ="Deposits in "&I1&" were ₹"&TEXT(I5,"#,##0")&" Cr" -> Deposits in FY2025 were ₹27,14,715 Cr | P4: ="• Deposits in "&I1&" were ₹"&TEXT(I5,"#,##0")&" Cr." -> • Deposits in FY2025 were ₹27,14,715 Cr. | R4: =IF(I5>2500000,"• Deposit base remained robust.","• Deposit base continued to expand.") -> • Deposit base remained robust. | T4: Executive Business Conclusions
A5: FY2024 | B5: =(DATA!B5-DATA!B4)/DATA!B4 -> 0.16064913 | C5: =(DATA!C5-DATA!C4)/DATA!C4 -> 0.37867555 | D5: =(DATA!E5-DATA!E4)/DATA!E4 -> 0.26356181 | E5: =(DATA!F5-DATA!F4)/DATA!F4 -> 0.55247016 | H5: Deposits | I5: =_xlfn.XLOOKUP(I1,DATA!A2:A6,DATA!E2:E6) -> 2714715 | K5: Dynamic Advances | L5: ="Advances in "&I1&" were ₹"&TEXT(I6,"#,##0")&" Cr" -> Advances in FY2025 were ₹26,19,609 Cr | P5: ="• Advances in "&I1&" were ₹"&TEXT(I6,"#,##0")&" Cr." -> • Advances in FY2025 were ₹26,19,609 Cr. | R5: =IF(I6>2400000,"• Lending activity remained strong.","• Lending portfolio showed growth.") -> • Lending activity remained strong. | T5: ="In "&I1&", HDFC Bank reported Revenue of ₹"&TEXT(I2,"#,##0")&" Cr and Net Profit of ₹"&TEXT(I3,"#,##0")&" Cr. The bank maintained a strong deposit base of ₹"&TEXT(I5,"#,##0")&" Cr and advances portfolio of ₹"&TEXT(I6,"#,##0")&" Cr, reflecting sustained business growth and financial strength." -> In FY2025, HDFC Bank reported Revenue of ₹1,68,302 Cr and Net Profit of ₹67,347 Cr. The bank maintained a strong deposit base of ₹27,14,715 Cr and advances portfolio of ₹26,19,609 Cr, reflecting sustained business growth and financial strength.
A6: FY2025 | B6: =(DATA!B6-DATA!B5)/DATA!B5 -> 0.066728358 | C6: =(DATA!C6-DATA!C5)/DATA!C5 -> 0.10746234 | D6: =(DATA!E6-DATA!E5)/DATA!E5 -> 0.14073913 | E6: =(DATA!F6-DATA!F5)/DATA!F5 -> 0.054227156 | H6: Advances | I6: =_xlfn.XLOOKUP(I1,DATA!A2:A6,DATA!F2:F6) -> 2619609 | P6: ="• EPS in "&I1&" was ₹"&TEXT(I4,"0.00") -> • EPS in FY2025 was ₹88.29 | R6: =IF(I4>80,"• Shareholder value creation remained strong.","• Shareholder value improved steadily.") -> • Shareholder value creation remained strong.

Sheet DASHBOARD
A1: HDFC BANK FINANCIAL ANALYSIS DASHBOARD (FY2021 - FY2025)
L4: Financial Year
L5: FY2025
B7: =CALCULATIONS!I2 -> 168302 | D7: =CALCULATIONS!I3 -> 67347 | F7: =CALCULATIONS!I5 -> 2714715 | H7: =CALCULATIONS!I6 -> 2619609 | J7: =CALCULATIONS!I4 -> 88.29
B8: =CALCULATIONS!M2 -> 0.68718735 | D8: =CALCULATIONS!N2 -> 1.1140409
B29: EXECUTIVE KEY INSIGHTS: | G29: EXECUTIVE BUSINESS CONCLUSIONS:
B30: =CALCULATIONS!T2 -> In FY2025, HDFC Bank reported Revenue of ₹1,68,302 Cr and Net Profit of ₹67,347 Cr. Deposits stood at ₹27,14,715 Cr while Advances reached ₹26,19,609 Cr. EPS was ₹88.29, indicating continued financial strength and business expansion. | G30: =CALCULATIONS!T5 -> In FY2025, HDFC Bank reported Revenue of ₹1,68,302 Cr and Net Profit of ₹67,347 Cr. The bank maintained a strong deposit base of ₹27,14,715 Cr and advances portfolio of ₹26,19,609 Cr, reflecting sustained business growth and financial strength.
